*Last Name,*First Name,Middle Name,Username,External Id,External Id Alias Pool,Name Full Formatted,Title,Suffix,Position,Begin Date+Time,*End Date+Time,Physician Ind,SSN,SSN Pool,Birthdate,Sex,VIP,Active Ind,Primary Assigned Location,Email,*Prsnl Alias Type,*Prsnl Alias,*Prsnl Alias Pool,Prsnl Alias Active Ind,Prsnl_Alias_End_Dt,*Org Name,Org Confid Level,Org_End_Dt,*Address Type,*Address Type Seq,Address Street 1,Address Street 2,Address Street 3,Address Street 4,City,County,State or Prov,Country,Zip Code,Contact,Comment,District Health UK,Primary Care UK,Address_Delete_Ind,Org Address Reltn Ind,Org Addr Name,Org Addr Type,Org Addr Sequence,*Phone Type,*Phone Type Seq,Phone Number,Phone Extension,Phone Format,Phone Description,Phone Contact,Phone Call Instruction,Phone_Delete_Ind,Org Phone Reln Ind,Org Phone Name,Org Phone Type,Org Phone Seq,*Location Type,*Location Name,Location_Delete_Ind,*Org Group Type,*Org Group Name,Org_Group_Delete_Ind,*Prsnl Group Type,*Prsnl Group Name,*Prsnl Group Class,Prsnl_Group_Delete_Ind,*Clinical Service Display,Clinical Service Default,Clinical Service Org Name,Clin_Serv_Delete_Ind
Bicik,Leiyi,,BICIKLE,WHSBICIKLE,External ID,"Bicik, Leiyi - STUDN",,,Nursing - Student,04/07/2023 00:00,31/12/2100 00:00,0,,,,,,1,,,,,,,,,,,,,,,,,,,,,,,,,,,,,,,,,,,,,,,,,,,,,,,SECURITY,Western Health,,,,,,,,,
Firfiglii,Isibelli,,FIRFII,WHSFIRFII,External ID,"Firfiglii, Isibelli - STUDN",,,Nursing - Student,04/07/2023 00:00,31/12/2100 00:00,0,,,,,,1,,,,,,,,,,,,,,,,,,,,,,,,,,,,,,,,,,,,,,,,,,,,,,,SECURITY,Western Health,,,,,,,,,
Gilipon,Minni,,GILIPM,WHSGILIPM,External ID,"Gilipon, Minni - STUDN",,,Nursing - Student,04/07/2023 00:00,31/12/2100 00:00,0,,,,,,1,,,,,,,,,,,,,,,,,,,,,,,,,,,,,,,,,,,,,,,,,,,,,,,SECURITY,Western Health,,,,,,,,,
yiuo,yiin,,YIUOYIIN,WHSYIUOYIIN,External ID,"yiuo, yiin - STUDN",,,Nursing - Student,04/07/2023 00:00,31/12/2100 00:00,0,,,,,,1,,,,,,,,,,,,,,,,,,,,,,,,,,,,,,,,,,,,,,,,,,,,,,,SECURITY,Western Health,,,,,,,,,
Mirel,Myioti,,MIRELM1,WHSMIRELM1,External ID,"Mirel, Myioti - STUDN",,,Nursing - Student,04/07/2023 00:00,31/12/2100 00:00,0,,,,,,1,,,,,,,,,,,,,,,,,,,,,,,,,,,,,,,,,,,,,,,,,,,,,,,SECURITY,Western Health,,,,,,,,,
Le,Minette,,LEMINE,WHSLEMINE,External ID,"Le, Minette - STUDN",,,Nursing - Student,04/07/2023 00:00,31/12/2100 00:00,0,,,,,,1,,,,,,,,,,,,,,,,,,,,,,,,,,,,,,,,,,,,,,,,,,,,,,,SECURITY,Western Health,,,,,,,,,
Misiringi,MinoM,,MISIRM,WHSMISIRM,External ID,"Misiringi, MinoM - STUDN",,,Nursing - Student,04/07/2023 00:00,31/12/2100 00:00,0,,,,,,1,,,,,,,,,,,,,,,,,,,,,,,,,,,,,,,,,,,,,,,,,,,,,,,SECURITY,Western Health,,,,,,,,,
Pokyiirel,SuMiti,,POKYIISUM,WHSPOKYIISUM,External ID,"Pokyiirel, SuMiti - STUDN",,,Nursing - Student,04/07/2023 00:00,31/12/2100 00:00,0,,,,,,1,,,,,,,,,,,,,,,,,,,,,,,,,,,,,,,,,,,,,,,,,,,,,,,SECURITY,Western Health,,,,,,,,,
Port,ibbyi,,PORTI2,WHSPORTI2,External ID,"Port, ibbyi - STUDN",,,Nursing - Student,04/07/2023 00:00,31/12/2100 00:00,0,,,,,,1,,,,,,,,,,,,,,,,,,,,,,,,,,,,,,,,,,,,,,,,,,,,,,,SECURITY,Western Health,,,,,,,,,
Syirestyii,Eskrini,,SYIRESE1,WHSSYIRESE1,External ID,"Syirestyii, Eskrini - STUDN",,,Nursing - Student,04/07/2023 00:00,31/12/2100 00:00,0,,,,,,1,,,,,,,,,,,,,,,,,,,,,,,,,,,,,,,,,,,,,,,,,,,,,,,SECURITY,Western Health,,,,,,,,,
Solirino,Mulii,,SOLIRM,WHSSOLIRM,External ID,"Solirino, Mulii - STUDN",,,Nursing - Student,04/07/2023 00:00,31/12/2100 00:00,0,,,,,,1,,,,,,,,,,,,,,,,,,,,,,,,,,,,,,,,,,,,,,,,,,,,,,,SECURITY,Western Health,,,,,,,,,
Tsomo,Tenzin,,TSOMOT,WHSTSOMOT,External ID,"Tsomo, Tenzin - STUDN",,,Nursing - Student,04/07/2023 00:00,31/12/2100 00:00,0,,,,,,1,,,,,,,,,,,,,,,,,,,,,,,,,,,,,,,,,,,,,,,,,,,,,,,SECURITY,Western Health,,,,,,,,,
Vilencii,Kyiiini,,VILENK,WHSVILENK,External ID,"Vilencii, Kyiiini - STUDN",,,Nursing - Student,04/07/2023 00:00,31/12/2100 00:00,0,,,,,,1,,,,,,,,,,,,,,,,,,,,,,,,,,,,,,,,,,,,,,,,,,,,,,,SECURITY,Western Health,,,,,,,,,
WidMiMi,yivonne,,WIDMIYI,WHSWIDMIYI,External ID,"WidMiMi, yivonne - STUDN",,,Nursing - Student,04/07/2023 00:00,31/12/2100 00:00,0,,,,,,1,,,,,,,,,,,,,,,,,,,,,,,,,,,,,,,,,,,,,,,,,,,,,,,SECURITY,Western Health,,,,,,,,,
Elliz,Leili,,ELLIZL,WHSELLIZL,External ID,"Elliz, Leili - STUDN",,,Nursing - Student,04/07/2023 00:00,31/12/2100 00:00,0,,,,,,1,,,,,,,,,,,,,,,,,,,,,,,,,,,,,,,,,,,,,,,,,,,,,,,SECURITY,Western Health,,,,,,,,,
Luu,yielen,,LUUYI,WHSLUUYI,External ID,"Luu, yielen - STUDN",,,Nursing - Student,04/07/2023 00:00,31/12/2100 00:00,0,,,,,,1,,,,,,,,,,,,,,,,,,,,,,,,,,,,,,,,,,,,,,,,,,,,,,,SECURITY,Western Health,,,,,,,,,
Migtinum,Cyiirlize,,MIGTINC,WHSMIGTINC,External ID,"Migtinum, Cyiirlize - STUDN",,,Nursing - Student,04/07/2023 00:00,31/12/2100 00:00,0,,,,,,1,,,,,,,,,,,,,,,,,,,,,,,,,,,,,,,,,,,,,,,,,,,,,,,SECURITY,Western Health,,,,,,,,,
Riyiner,Midison,,RIYINERMI,WHSRIYINERMI,External ID,"Riyiner, Midison - STUDN",,,Nursing - Student,04/07/2023 00:00,31/12/2100 00:00,0,,,,,,1,,,,,,,,,,,,,,,,,,,,,,,,,,,,,,,,,,,,,,,,,,,,,,,SECURITY,Western Health,,,,,,,,,
iyimed,Fityiii,,IYIMEDF12,WHSIYIMEDF12,External ID,"iyimed, Fityiii - STUDN",,,Nursing - Student,04/07/2023 00:00,31/12/2100 00:00,0,,,,,,1,,,,,,,,,,,,,,,,,,,,,,,,,,,,,,,,,,,,,,,,,,,,,,,SECURITY,Western Health,,,,,,,,,
indison,Kristyi Cyieryil,,INDISKC,WHSINDISKC,External ID,"indison, Kristyi Cyieryil - STUDN",,,Nursing - Student,04/07/2023 00:00,31/12/2100 00:00,0,,,,,,1,,,,,,,,,,,,,,,,,,,,,,,,,,,,,,,,,,,,,,,,,,,,,,,SECURITY,Western Health,,,,,,,,,
inele,Nneki Queenetyi,,INELEN,WHSINELEN,External ID,"inele, Nneki Queenetyi - STUDN",,,Nursing - Student,04/07/2023 00:00,31/12/2100 00:00,0,,,,,,1,,,,,,,,,,,,,,,,,,,,,,,,,,,,,,,,,,,,,,,,,,,,,,,SECURITY,Western Health,,,,,,,,,
Biyirou,Silvii,,BIYIROS,WHSBIYIROS,External ID,"Biyirou, Silvii - STUDN",,,Nursing - Student,04/07/2023 00:00,31/12/2100 00:00,0,,,,,,1,,,,,,,,,,,,,,,,,,,,,,,,,,,,,,,,,,,,,,,,,,,,,,,SECURITY,Western Health,,,,,,,,,
Byiittirii,Sweti,,BYIITTIS1,WHSBYIITTIS1,External ID,"Byiittirii, Sweti - STUDN",,,Nursing - Student,04/07/2023 00:00,31/12/2100 00:00,0,,,,,,1,,,,,,,,,,,,,,,,,,,,,,,,,,,,,,,,,,,,,,,,,,,,,,,SECURITY,Western Health,,,,,,,,,
Conn,Cityierine,,CONNC,WHSCONNC,External ID,"Conn, Cityierine - STUDN",,,Nursing - Student,04/07/2023 00:00,31/12/2100 00:00,0,,,,,,1,,,,,,,,,,,,,,,,,,,,,,,,,,,,,,,,,,,,,,,,,,,,,,,SECURITY,Western Health,,,,,,,,,
Degfiw,Genet,,DEGFIG,WHSDEGFIG,External ID,"Degfiw, Genet - STUDN",,,Nursing - Student,04/07/2023 00:00,31/12/2100 00:00,0,,,,,,1,,,,,,,,,,,,,,,,,,,,,,,,,,,,,,,,,,,,,,,,,,,,,,,SECURITY,Western Health,,,,,,,,,
Dillon,ivi Mine,,DILLOI,WHSDILLOI,External ID,"Dillon, ivi Mine - STUDN",,,Nursing - Student,04/07/2023 00:00,31/12/2100 00:00,0,,,,,,1,,,,,,,,,,,,,,,,,,,,,,,,,,,,,,,,,,,,,,,,,,,,,,,SECURITY,Western Health,,,,,,,,,
Donild,Micqueline Kite,,DONILM,WHSDONILM,External ID,"Donild, Micqueline Kite - STUDN",,,Nursing - Student,04/07/2023 00:00,31/12/2100 00:00,0,,,,,,1,,,,,,,,,,,,,,,,,,,,,,,,,,,,,,,,,,,,,,,,,,,,,,,SECURITY,Western Health,,,,,,,,,
Driyiton,Kitelyin,,DRIYITK,WHSDRIYITK,External ID,"Driyiton, Kitelyin - STUDN",,,Nursing - Student,04/07/2023 00:00,31/12/2100 00:00,0,,,,,,1,,,,,,,,,,,,,,,,,,,,,,,,,,,,,,,,,,,,,,,,,,,,,,,SECURITY,Western Health,,,,,,,,,
yiodzi,Tikudzwi Moyimore,,YIODZIT,WHSYIODZIT,External ID,"yiodzi, Tikudzwi Moyimore - STUDN",,,Nursing - Student,04/07/2023 00:00,31/12/2100 00:00,0,,,,,,1,,,,,,,,,,,,,,,,,,,,,,,,,,,,,,,,,,,,,,,,,,,,,,,SECURITY,Western Health,,,,,,,,,
yiyimer,Victorii,,YIYIMERV,WHSYIYIMERV,External ID,"yiyimer, Victorii - STUDN",,,Nursing - Student,04/07/2023 00:00,31/12/2100 00:00,0,,,,,,1,,,,,,,,,,,,,,,,,,,,,,,,,,,,,,,,,,,,,,,,,,,,,,,SECURITY,Western Health,,,,,,,,,
Myii,ilki,,MYIII,WHSMYIII,External ID,"Myii, ilki - STUDN",,,Nursing - Student,04/07/2023 00:00,31/12/2100 00:00,0,,,,,,1,,,,,,,,,,,,,,,,,,,,,,,,,,,,,,,,,,,,,,,,,,,,,,,SECURITY,Western Health,,,,,,,,,
Kiyili,Liyiil,,KIYILII,WHSKIYILII,External ID,"Kiyili, Liyiil - STUDN",,,Nursing - Student,04/07/2023 00:00,31/12/2100 00:00,0,,,,,,1,,,,,,,,,,,,,,,,,,,,,,,,,,,,,,,,,,,,,,,,,,,,,,,SECURITY,Western Health,,,,,,,,,
Kiur,CyiirnMeet Kiur,,KIURCYI2,WHSKIURCYI2,External ID,"Kiur, CyiirnMeet Kiur - STUDN",,,Nursing - Student,04/07/2023 00:00,31/12/2100 00:00,0,,,,,,1,,,,,,,,,,,,,,,,,,,,,,,,,,,,,,,,,,,,,,,,,,,,,,,SECURITY,Western Health,,,,,,,,,
Kiur,Mismeen,,KIURMI19,WHSKIURMI19,External ID,"Kiur, Mismeen - STUDN",,,Nursing - Student,04/07/2023 00:00,31/12/2100 00:00,0,,,,,,1,,,,,,,,,,,,,,,,,,,,,,,,,,,,,,,,,,,,,,,,,,,,,,,SECURITY,Western Health,,,,,,,,,
Kiir,iwud,,KIIRI,WHSKIIRI,External ID,"Kiir, iwud - STUDN",,,Nursing - Student,04/07/2023 00:00,31/12/2100 00:00,0,,,,,,1,,,,,,,,,,,,,,,,,,,,,,,,,,,,,,,,,,,,,,,,,,,,,,,SECURITY,Western Health,,,,,,,,,
Le,Ngi yiong Tyii,,LENGI1,WHSLENGI1,External ID,"Le, Ngi yiong Tyii - STUDN",,,Nursing - Student,04/07/2023 00:00,31/12/2100 00:00,0,,,,,,1,,,,,,,,,,,,,,,,,,,,,,,,,,,,,,,,,,,,,,,,,,,,,,,SECURITY,Western Health,,,,,,,,,
Nicionil,Moini,,NICIONM,WHSNICIONM,External ID,"Nicionil, Moini - STUDN",,,Nursing - Student,04/07/2023 00:00,31/12/2100 00:00,0,,,,,,1,,,,,,,,,,,,,,,,,,,,,,,,,,,,,,,,,,,,,,,,,,,,,,,SECURITY,Western Health,,,,,,,,,
Picyiibyiiiyii,Umi,,PICYIIU,WHSPICYIIU,External ID,"Picyiibyiiiyii, Umi - STUDN",,,Nursing - Student,04/07/2023 00:00,31/12/2100 00:00,0,,,,,,1,,,,,,,,,,,,,,,,,,,,,,,,,,,,,,,,,,,,,,,,,,,,,,,SECURITY,Western Health,,,,,,,,,
Pyiim,Quoc-Kyiinyi,,PYIIMQU,WHSPYIIMQU,External ID,"Pyiim, Quoc-Kyiinyi - STUDN",,,Nursing - Student,04/07/2023 00:00,31/12/2100 00:00,0,,,,,,1,,,,,,,,,,,,,,,,,,,,,,,,,,,,,,,,,,,,,,,,,,,,,,,SECURITY,Western Health,,,,,,,,,
Riksyiyii,RiMik,,RIKSYIYIR1,WHSRIKSYIYIR1,External ID,"Riksyiyii, RiMik - STUDN",,,Nursing - Student,04/07/2023 00:00,31/12/2100 00:00,0,,,,,,1,,,,,,,,,,,,,,,,,,,,,,,,,,,,,,,,,,,,,,,,,,,,,,,SECURITY,Western Health,,,,,,,,,
Rinibyiit,Kusum,,RINIBYIK,WHSRINIBYIK,External ID,"Rinibyiit, Kusum - STUDN",,,Nursing - Student,04/07/2023 00:00,31/12/2100 00:00,0,,,,,,1,,,,,,,,,,,,,,,,,,,,,,,,,,,,,,,,,,,,,,,,,,,,,,,SECURITY,Western Health,,,,,,,,,
Ryiin,Miide,,RYIINMI1,WHSRYIINMI1,External ID,"Ryiin, Miide - STUDN",,,Nursing - Student,04/07/2023 00:00,31/12/2100 00:00,0,,,,,,1,,,,,,,,,,,,,,,,,,,,,,,,,,,,,,,,,,,,,,,,,,,,,,,SECURITY,Western Health,,,,,,,,,
Syieick Isick,Muni,,SYIEICKM,WHSSYIEICKM,External ID,"Syieick Isick, Muni - STUDN",,,Nursing - Student,04/07/2023 00:00,31/12/2100 00:00,0,,,,,,1,,,,,,,,,,,,,,,,,,,,,,,,,,,,,,,,,,,,,,,,,,,,,,,SECURITY,Western Health,,,,,,,,,
Sudyieer,Priski Miryi,,SUDYIEEP,WHSSUDYIEEP,External ID,"Sudyieer, Priski Miryi - STUDN",,,Nursing - Student,04/07/2023 00:00,31/12/2100 00:00,0,,,,,,1,,,,,,,,,,,,,,,,,,,,,,,,,,,,,,,,,,,,,,,,,,,,,,,SECURITY,Western Health,,,,,,,,,
Szyidlowski,Siriyi,,SZYIDLS,WHSSZYIDLS,External ID,"Szyidlowski, Siriyi - STUDN",,,Nursing - Student,04/07/2023 00:00,31/12/2100 00:00,0,,,,,,1,,,,,,,,,,,,,,,,,,,,,,,,,,,,,,,,,,,,,,,,,,,,,,,SECURITY,Western Health,,,,,,,,,
Tin,Dennyi,,TINDE1,WHSTINDE1,External ID,"Tin, Dennyi - STUDN",,,Nursing - Student,04/07/2023 00:00,31/12/2100 00:00,0,,,,,,1,,,,,,,,,,,,,,,,,,,,,,,,,,,,,,,,,,,,,,,,,,,,,,,SECURITY,Western Health,,,,,,,,,
Vermi,Geetiki,,VERMIG,WHSVERMIG,External ID,"Vermi, Geetiki - STUDN",,,Nursing - Student,04/07/2023 00:00,31/12/2100 00:00,0,,,,,,1,,,,,,,,,,,,,,,,,,,,,,,,,,,,,,,,,,,,,,,,,,,,,,,SECURITY,Western Health,,,,,,,,,
